Dataset,Model,Privacy Setting,Accuracy mean,Accuracy std,F1 Score mean,F1 Score std,Precision mean,Precision std,Recall mean,Recall std,Train Time (s) mean,Train Time (s) std
COVID-19,Federated Logistic Regression,"FL (5 clients, 20 rounds)",0.8657,0.007050886469090223,0.39537158753960355,0.00953582941246923,0.25324819091175327,0.008879648433361182,0.9024691358024691,0.016499440491135355,0.1947333812713623,0.015811702006298042
COVID-19,Logistic Regression,Baseline (No Privacy),0.86342,0.0017210461934532412,0.3917433293154781,0.003601812496686754,0.24998509423893603,0.0025896973787161723,0.9049382716049383,0.009585032673952307,0.025699758529663087,0.0038794228404400305
