Dataset,Model,Privacy Setting,Accuracy,F1 Score,Precision,Recall,Train Time (s)
COVID-19,Federated Logistic Regression,"FL (5 clients, 20 rounds)",0.8657,0.39537158753960355,0.25324819091175327,0.9024691358024691,0.1947333812713623
COVID-19,Logistic Regression,Baseline (No Privacy),0.86342,0.3917433293154781,0.24998509423893603,0.9049382716049383,0.025699758529663087
