Dataset,Model,Privacy Setting,Accuracy mean,Accuracy std,F1 Score mean,F1 Score std,Precision mean,Precision std,Recall mean,Recall std,Train Time (s) mean,Train Time (s) std
NHANES,Federated Logistic Regression,"FL (5 clients, 20 rounds)",0.8007168458781362,0.020488190088928732,0.44694084416915,0.013509614274982191,0.3067139631153269,0.01788682338525462,0.8296296296296296,0.04969039949999532,0.052155494689941406,0.0005547489305426579
NHANES,Logistic Regression,Baseline (No Privacy),0.8802867383512545,0.007749730577218508,0.5760814067492948,0.009058436481388803,0.43931080876983686,0.015537322967114908,0.8407407407407408,0.05647389141472928,0.003786039352416992,0.0009486917392931982
